{"mercury": {"mass": 1.98892e+30, "r_init": [0.0, 0.0, 0.0], "v_init": [0.0, 0.0, 0.0], "color": "#FFEA21"}, "venus": {"mass": 3.3011e+23, "r_init": [46000000000.0, 0.0, 0.0], "v_init": [0.0, 47360.0, 0.0], "color": "#95EEFF"}, "earth": {"mass": 4.8675e+24, "r_init": [107480000000.0, 0.0, 0.0], "v_init": [0.0, 35020.0, 0.0], "color": "#0F0091"}, "jupiter": {"mass": 5.9742e+24, "r_init": [147090000000.0, 0.0, 0.0], "v_init": [0.0, 29783.0, 0.0], "color": "#287900"}, "saturn": {"mass": 6.4171e+23, "r_init": [206620000000.0, 0.0, 0.0], "v_init": [0.0, 24070.0, 0.0], "color": "#FF3232"}, "uranus": {"mass": 1.89819e+27, "r_init": [740520000000.0, 0.0, 0.0], "v_init": [0.0, 13060.0, 0.0], "color": "#FFEFFF"}, "neptune": {"mass": 5.6834e+26, "r_init": [1352550000000.0, 0.0, 0.0], "v_init": [0.0, 9680.0, 0.0], "color": "#808400"}}