{"sun": {"mass": 1.9885e+30, "r_init": [0.0, 0.0, 0.0], "v_init": [0.0, 0.0, 0.0], "color": "#FFEA21"}, "mercury": {"mass": 3.3011e+23, "r_init": [46000000000.0, 0.0, 0.0], "v_init": [0.0, 58980.0, 0.0], "color": "#95EEFF"}, "venus": {"mass": 4.8675e+24, "r_init": [107480000000.0, 0, 0], "v_init": [0, 35260, 0], "color": "#0F0091"}, "earth": {"mass": 5.9742e+24, "r_init": [147100000000.0, 0.0, 0.0], "v_init": [0.0, 30290.0, 0.0], "color": "#287900"}, "mars": {"mass": 6.4171e+23, "r_init": [206620000000.0, 0, 0], "v_init": [0, 26500, 0], "color": "#FF3232"}, "jupiter": {"mass": 1.89819e+27, "r_init": [740520000000.0, 0, 0], "v_init": [0, 13720, 0], "color": "#FFEFFF"}, "saturn": {"mass": 5.6834e+26, "r_init": [1352550000000.0, 0, 0], "v_init": [0, 10180, 0], "color": "#808400"}, "uranus": {"mass": 8.6813e+25, "r_init": [2741300000000.0, 0, 0], "v_init": [0, 7110, 0], "color": "#FFEA21"}, "neptune": {"mass": 1.02413e+26, "r_init": [4444450000000.0, 0, 0], "v_init": [0, 5500, 0], "color": "#9C95FF"}, "custom1": {"mass": 1e+29, "r_init": [29919574140.0, 0.0, 0.0], "v_init": [0.0, 100000.0, 0.0], "color": "#FFFFFF"}, "sun2": {"mass": 1e+30, "r_init": [74798935350.0, 0.0, 0.0], "v_init": [0.0, 60000.0, 0.0], "color": "#FFFFFF"}}