{
    "sun": {
    "mass": 1.98892e30,
    "r_init": [0, 0, 0],
    "v_init": [0, 0, 0],
    "color": "#FFEA21"
  },
  "mercury": {
    "mass": 0.33011e24,
    "r_init": [46.00e9, 0, 0],
    "v_init": [0, 47360, 0],
    "color": "#95EEFF"
  },
  "venus": {
    "mass": 4.8675e24,
    "r_init": [107.48e9, 0, 0],
    "v_init": [0, 35020, 0],
    "color": "#0F0091"
  },
  "earth": {
    "mass": 5.9742e24,
    "r_init": [147.09e9, 0, 0],
    "v_init": [0, 29783, 0],
    "color": "#287900"
  },
  "mars": {
    "mass": 0.64171e24,
    "r_init": [206.62e9, 0, 0],
    "v_init": [0, 24070, 0],
    "color": "#FF3232"
  },
  "jupiter": {
    "mass": 1898.19e24,
    "r_init": [740.52e9, 0, 0],
    "v_init": [0, 13060, 0],
    "color": "#FFEFFF"
  },
  "saturn": {
    "mass": 568.34e24,
    "r_init": [1352.55e9, 0, 0],
    "v_init": [0, 9680, 0],
    "color": "#808400"
  },
  "uranus": {
    "mass": 86.813e24,
    "r_init": [2741.30e9, 0, 0],
    "v_init": [0, 5430, 0],
    "color": "#FFEA21"
  },
  "neptune": {
    "mass": 102.413e24,
    "r_init": [4444.45e9, 0, 0],
    "v_init": [0, 6800, 0],
    "color": "#9C95FF"
  }
}
